insert into cliente (id_cliente, nombre, direccion, nit, telefono, email) values (1, 'Yvette Brabender', '3509 Everett Drive', '0811614271', '(961) 8675969', 'ybrabender0@twitpic.com');
insert into cliente (id_cliente, nombre, direccion, nit, telefono, email) values (2, 'Dorian Doby', '8 Pond Terrace', '6797333024', '(539) 1686115', 'ddoby1@bizjournals.com');
insert into cliente (id_cliente, nombre, direccion, nit, telefono, email) values (3, 'Shoshanna Catanheira', '49 Messerschmidt Avenue', '7199708793', '(812) 6630733', 'scatanheira2@amazon.co.uk');
insert into cliente (id_cliente, nombre, direccion, nit, telefono, email) values (4, 'Shirlee Van den Hof', '8745 Fuller Circle', '4732373704', '(872) 1464687', 'svan3@guardian.co.uk');
insert into cliente (id_cliente, nombre, direccion, nit, telefono, email) values (5, 'Gerrilee Daltry', '7874 Norway Maple Hill', '2137483963', '(285) 8947434', 'gdaltry4@acquirethisname.com');
insert into cliente (id_cliente, nombre, direccion, nit, telefono, email) values (6, 'Beverley Waterstone', '4324 Heffernan Alley', '3871999733', '(277) 4925025', 'bwaterstone5@theglobeandmail.com');
insert into cliente (id_cliente, nombre, direccion, nit, telefono, email) values (7, 'Brew Trytsman', '13868 Barnett Drive', '6223397836', '(238) 9685952', 'btrytsman6@arizona.edu');
insert into cliente (id_cliente, nombre, direccion, nit, telefono, email) values (8, 'Wallace Radclyffe', '3 Cambridge Hill', '7488164911', '(930) 9614584', 'wradclyffe7@so-net.ne.jp');
insert into cliente (id_cliente, nombre, direccion, nit, telefono, email) values (9, 'Fabien Seacombe', '17 Delladonna Way', '3004764911', '(476) 8209875', 'fseacombe8@unesco.org');
insert into cliente (id_cliente, nombre, direccion, nit, telefono, email) values (10, 'Rudy Coppo', '0 Sutteridge Drive', '5622059321', '(145) 5485164', 'rcoppo9@ihg.com');
insert into cliente (id_cliente, nombre, direccion, nit, telefono, email) values (11, 'Blinnie Gallemore', '20575 Everett Avenue', '7517532693', '(805) 5104261', 'bgallemorea@cdbaby.com');
insert into cliente (id_cliente, nombre, direccion, nit, telefono, email) values (12, 'Karalee Sandham', '12 Cottonwood Avenue', '0039247627', '(317) 3713606', 'ksandhamb@nba.com');
insert into cliente (id_cliente, nombre, direccion, nit, telefono, email) values (13, 'Martie Ferras', '0 Quincy Road', '6760112105', '(827) 9774630', 'mferrasc@epa.gov');
insert into cliente (id_cliente, nombre, direccion, nit, telefono, email) values (14, 'Vanya Ravens', '99 Lakewood Gardens Trail', '6308810002', '(774) 6097552', 'vravensd@scientificamerican.com');
insert into cliente (id_cliente, nombre, direccion, nit, telefono, email) values (15, 'Dolly Eastridge', '79 Mifflin Circle', '7883582860', '(882) 2660815', 'deastridgee@samsung.com');
insert into cliente (id_cliente, nombre, direccion, nit, telefono, email) values (16, 'Dev Tetsall', '0 Schlimgen Way', '3049419822', '(110) 7115512', 'dtetsallf@surveymonkey.com');
insert into cliente (id_cliente, nombre, direccion, nit, telefono, email) values (17, 'Horst McCrossan', '04 Sauthoff Plaza', '9068033557', '(113) 4634038', 'hmccrossang@wunderground.com');
insert into cliente (id_cliente, nombre, direccion, nit, telefono, email) values (18, 'Massimiliano Nockles', '6 Arrowood Pass', '2749152674', '(452) 1097332', 'mnocklesh@printfriendly.com');
insert into cliente (id_cliente, nombre, direccion, nit, telefono, email) values (19, 'Yanaton Calliss', '26 Manley Terrace', '5213828043', '(355) 7104950', 'ycallissi@topsy.com');
insert into cliente (id_cliente, nombre, direccion, nit, telefono, email) values (20, 'Standford Gozney', '8356 Heffernan Center', '7640008417', '(667) 1616120', 'sgozneyj@psu.edu');
insert into cliente (id_cliente, nombre, direccion, nit, telefono, email) values (21, 'Ashla Eagleton', '69 Corben Street', '4934960198', '(889) 6694269', 'aeagletonk@alexa.com');
insert into cliente (id_cliente, nombre, direccion, nit, telefono, email) values (22, 'Frederic Dyhouse', '7648 Mandrake Terrace', '4658030829', '(280) 5922083', 'fdyhousel@ustream.tv');
insert into cliente (id_cliente, nombre, direccion, nit, telefono, email) values (23, 'Wanids Le Noir', '538 School Way', '8851297452', '(698) 8215259', 'wlem@latimes.com');
insert into cliente (id_cliente, nombre, direccion, nit, telefono, email) values (24, 'Shirline Gianettini', '495 Spohn Crossing', '0369737253', '(713) 1536762', 'sgianettinin@sciencedaily.com');
insert into cliente (id_cliente, nombre, direccion, nit, telefono, email) values (25, 'Ami Bolgar', '73 Dennis Alley', '6553000654', '(146) 7812950', 'abolgaro@wufoo.com');
insert into cliente (id_cliente, nombre, direccion, nit, telefono, email) values (26, 'Denys Ilchenko', '21 Randy Alley', '3019938791', '(229) 3333832', 'dilchenkop@illinois.edu');
insert into cliente (id_cliente, nombre, direccion, nit, telefono, email) values (27, 'Veronike Scare', '5602 Thompson Drive', '8783609245', '(565) 8079340', 'vscareq@spiegel.de');
insert into cliente (id_cliente, nombre, direccion, nit, telefono, email) values (28, 'Atlanta Tingly', '88 Northport Lane', '8022713600', '(464) 7667330', 'atinglyr@theatlantic.com');
insert into cliente (id_cliente, nombre, direccion, nit, telefono, email) values (29, 'Trista Bezant', '4023 Summit Avenue', '8888276718', '(319) 5893726', 'tbezants@senate.gov');
insert into cliente (id_cliente, nombre, direccion, nit, telefono, email) values (30, 'Elyn Cleworth', '12059 Pond Terrace', '6333253405', '(267) 6598150', 'eclewortht@scientificamerican.com');
insert into cliente (id_cliente, nombre, direccion, nit, telefono, email) values (31, 'Munmro Farndell', '51 Lakewood Crossing', '7021323735', '(713) 1575249', 'mfarndellu@google.fr');
insert into cliente (id_cliente, nombre, direccion, nit, telefono, email) values (32, 'Katee Sambath', '62 Hintze Junction', '0062391534', '(759) 2292062', 'ksambathv@hubpages.com');
insert into cliente (id_cliente, nombre, direccion, nit, telefono, email) values (33, 'Remington Greenhead', '32 Artisan Way', '5871523315', '(553) 3551759', 'rgreenheadw@prlog.org');
insert into cliente (id_cliente, nombre, direccion, nit, telefono, email) values (34, 'Brandea Busain', '83 Cambridge Road', '2615512676', '(664) 9895681', 'bbusainx@state.tx.us');
insert into cliente (id_cliente, nombre, direccion, nit, telefono, email) values (35, 'Sully McGrowther', '3 Rockefeller Junction', '2103368320', '(178) 1866733', 'smcgrowthery@canalblog.com');
insert into cliente (id_cliente, nombre, direccion, nit, telefono, email) values (36, 'Darcy Cullity', '54979 Lakewood Road', '6354681260', '(540) 3079333', 'dcullityz@noaa.gov');
insert into cliente (id_cliente, nombre, direccion, nit, telefono, email) values (37, 'Clementine Chevis', '3235 Loeprich Alley', '2931430633', '(426) 8025078', 'cchevis10@bloglovin.com');
insert into cliente (id_cliente, nombre, direccion, nit, telefono, email) values (38, 'Ana Toffoletto', '924 Memorial Court', '3306068632', '(587) 7786188', 'atoffoletto11@wiley.com');
insert into cliente (id_cliente, nombre, direccion, nit, telefono, email) values (39, 'Barbara-anne Prodrick', '41 Pierstorff Junction', '7323807611', '(977) 6980319', 'bprodrick12@hatena.ne.jp');
insert into cliente (id_cliente, nombre, direccion, nit, telefono, email) values (40, 'Raimondo Dessaur', '03 Glacier Hill Place', '4984764007', '(178) 6702877', 'rdessaur13@cdbaby.com');
insert into cliente (id_cliente, nombre, direccion, nit, telefono, email) values (41, 'Layla Curtis', '5 Commercial Alley', '7776592641', '(871) 2558075', 'lcurtis14@addtoany.com');
insert into cliente (id_cliente, nombre, direccion, nit, telefono, email) values (42, 'Bartholomeus Ert', '2 Commercial Terrace', '8116839853', '(265) 2519790', 'bert15@bizjournals.com');
insert into cliente (id_cliente, nombre, direccion, nit, telefono, email) values (43, 'Benson Balleine', '9 Northport Circle', '6358828916', '(234) 3528601', 'bballeine16@naver.com');
insert into cliente (id_cliente, nombre, direccion, nit, telefono, email) values (44, 'Shanan Richardon', '77 Almo Center', '9690179683', '(384) 4193480', 'srichardon17@guardian.co.uk');
insert into cliente (id_cliente, nombre, direccion, nit, telefono, email) values (45, 'Adrianna Glason', '2 Randy Point', '3856937285', '(994) 7286176', 'aglason18@last.fm');
insert into cliente (id_cliente, nombre, direccion, nit, telefono, email) values (46, 'Roseanna Katz', '0600 Crowley Place', '5938138507', '(398) 1574338', 'rkatz19@jimdo.com');
insert into cliente (id_cliente, nombre, direccion, nit, telefono, email) values (47, 'Kerrie Lea', '101 Pleasure Road', '3069392407', '(991) 7854451', 'klea1a@wired.com');
insert into cliente (id_cliente, nombre, direccion, nit, telefono, email) values (48, 'Bonnee Chamberlayne', '86634 Aberg Center', '6340517811', '(413) 4312338', 'bchamberlayne1b@indiegogo.com');
insert into cliente (id_cliente, nombre, direccion, nit, telefono, email) values (49, 'Stefania Pengelley', '5 Manley Road', '9189670000', '(869) 5064279', 'spengelley1c@yellowpages.com');
insert into cliente (id_cliente, nombre, direccion, nit, telefono, email) values (50, 'Fayre Hobgen', '4 Eliot Hill', '0006907784', '(404) 8141045', 'fhobgen1d@vinaora.com');

insert into sucursal (id_sucursal, nombre, direccion) values (1, 'Sucursal 1', '30938 Shasta Junction');
insert into sucursal (id_sucursal, nombre, direccion) values (2, 'Sucursal 2', '920 Dakota Plaza');
insert into sucursal (id_sucursal, nombre, direccion) values (3, 'Sucursal 3', '2 Oriole Avenue');
insert into sucursal (id_sucursal, nombre, direccion) values (4, 'Sucursal 4', '73328 Marcy Hill');
insert into sucursal (id_sucursal, nombre, direccion) values (5, 'Sucursal 5', '344 Mayfield Street');

insert into vendedor (id_vendedor, nombre, puesto) values (1, 'Bonita Beaconsall', 'Food Chemist');
insert into vendedor (id_vendedor, nombre, puesto) values (2, 'Cal Magenny', 'Systems Administrator III');
insert into vendedor (id_vendedor, nombre, puesto) values (3, 'Zachariah Phinnis', 'Account Coordinator');
insert into vendedor (id_vendedor, nombre, puesto) values (4, 'Ave Sautter', 'Teacher');
insert into vendedor (id_vendedor, nombre, puesto) values (5, 'Alexio Chandlar', 'Chemical Engineer');
insert into vendedor (id_vendedor, nombre, puesto) values (6, 'Ira Andrivel', 'Environmental Tech');
insert into vendedor (id_vendedor, nombre, puesto) values (7, 'Elsey Mc Faul', 'Senior Financial Analyst');
insert into vendedor (id_vendedor, nombre, puesto) values (8, 'Lek Stothert', 'Statistician I');
insert into vendedor (id_vendedor, nombre, puesto) values (9, 'Davine Elder', 'Associate Professor');
insert into vendedor (id_vendedor, nombre, puesto) values (10, 'Eula Oneile', 'Database Administrator IV');
insert into vendedor (id_vendedor, nombre, puesto) values (11, 'Matteo Pisco', 'Account Executive');
insert into vendedor (id_vendedor, nombre, puesto) values (12, 'Brandon Fincham', 'Senior Developer');
insert into vendedor (id_vendedor, nombre, puesto) values (13, 'Andre Gershom', 'Help Desk Technician');
insert into vendedor (id_vendedor, nombre, puesto) values (14, 'Nadeen Hodgen', 'Web Developer I');
insert into vendedor (id_vendedor, nombre, puesto) values (15, 'Anne Bosma', 'Media Manager I');

insert into sucursal_vendedor (id_sucursal, id_vendedor) values (1,1);
insert into sucursal_vendedor (id_sucursal, id_vendedor) values (1,2);
insert into sucursal_vendedor (id_sucursal, id_vendedor) values (1,3);
insert into sucursal_vendedor (id_sucursal, id_vendedor) values (2,4);
insert into sucursal_vendedor (id_sucursal, id_vendedor) values (2,5);
insert into sucursal_vendedor (id_sucursal, id_vendedor) values (2,6);
insert into sucursal_vendedor (id_sucursal, id_vendedor) values (3,7);
insert into sucursal_vendedor (id_sucursal, id_vendedor) values (3,8);
insert into sucursal_vendedor (id_sucursal, id_vendedor) values (3,9);
insert into sucursal_vendedor (id_sucursal, id_vendedor) values (4,10);
insert into sucursal_vendedor (id_sucursal, id_vendedor) values (4,11);
insert into sucursal_vendedor (id_sucursal, id_vendedor) values (4,12);
insert into sucursal_vendedor (id_sucursal, id_vendedor) values (5,13);
insert into sucursal_vendedor (id_sucursal, id_vendedor) values (5,14);
insert into sucursal_vendedor (id_sucursal, id_vendedor) values (5,15);

insert into categoria(id_categoria,nombre,descripcion) values (1,'LACTEOS','LACTEOS');
insert into categoria(id_categoria,nombre,descripcion) values (2,'EMBUTIDOS','EMBUTIDOS');
insert into categoria(id_categoria,nombre,descripcion) values (3,'CARNES Y PESCADOS','CARNES Y PESCADOS');
insert into categoria(id_categoria,nombre,descripcion) values (4,'JUEGOS Y BEBIDAS','JUEGOS Y BEBIDAS');
insert into categoria(id_categoria,nombre,descripcion) values (5,'PANADERIA','PANADERIA');


insert into producto(id_producto,id_categoria,codigo_producto,descripcion,unidad_medida,presentacion,precio_unitario,unidad_presentacion) values (1,1,'10002334','Leche Deslactosada','Mililitros',1000,12,'Unidad');
insert into producto(id_producto,id_categoria,codigo_producto,descripcion,unidad_medida,presentacion,precio_unitario,unidad_presentacion) values (2,1,'10002335','Leche de Soya','Mililitros',1000,14,'Unidad');
insert into producto(id_producto,id_categoria,codigo_producto,descripcion,unidad_medida,presentacion,precio_unitario,unidad_presentacion) values (3,1,'10002336','En Polvo','Gramos',1600,100,'Bote');
insert into producto(id_producto,id_categoria,codigo_producto,descripcion,unidad_medida,presentacion,precio_unitario,unidad_presentacion) values (4,1,'10002337','Evaporada','Gramos',315,12.1,'Unidad');
insert into producto(id_producto,id_categoria,codigo_producto,descripcion,unidad_medida,presentacion,precio_unitario,unidad_presentacion) values (5,2,'10002338','Jamon Santa Lucia de Pavo','Libra',25,400,'Unidad');
insert into producto(id_producto,id_categoria,codigo_producto,descripcion,unidad_medida,presentacion,precio_unitario,unidad_presentacion) values (6,2,'10002339','Tocino Ahumado Chimex','Gramos',170,30,'Unidad');
insert into producto(id_producto,id_categoria,codigo_producto,descripcion,unidad_medida,presentacion,precio_unitario,unidad_presentacion) values (7,2,'10002340','Salchicha Perry de Pavo','Gramos',460,15,'Unidad');
insert into producto(id_producto,id_categoria,codigo_producto,descripcion,unidad_medida,presentacion,precio_unitario,unidad_presentacion) values (8,2,'10002341','Pate Toledo','Libra',0.5,5,'Unidad');
insert into producto(id_producto,id_categoria,codigo_producto,descripcion,unidad_medida,presentacion,precio_unitario,unidad_presentacion) values (9,3,'10002342','Pierna de Cerdo Ahumada','Libra',1,40,'Unidad');
insert into producto(id_producto,id_categoria,codigo_producto,descripcion,unidad_medida,presentacion,precio_unitario,unidad_presentacion) values (10,3,'10002343','Lomo cinta de cerdo','Libra',1,50,'Unidad');
insert into producto(id_producto,id_categoria,codigo_producto,descripcion,unidad_medida,presentacion,precio_unitario,unidad_presentacion) values (11,3,'10002344','Filete de Pechuga','Libra',1,40,'Unidad');
insert into producto(id_producto,id_categoria,codigo_producto,descripcion,unidad_medida,presentacion,precio_unitario,unidad_presentacion) values (12,3,'10002345','Mollejas Rey Bandeja','Libra',1,25,'Unidad');
insert into producto(id_producto,id_categoria,codigo_producto,descripcion,unidad_medida,presentacion,precio_unitario,unidad_presentacion) values (13,4,'10002346','Coca cola sin azucar','Litro',2.5,20,'Unidad');
insert into producto(id_producto,id_categoria,codigo_producto,descripcion,unidad_medida,presentacion,precio_unitario,unidad_presentacion) values (14,4,'10002347','Canada Dry','Mililitros',2000,10,'Unidad');
insert into producto(id_producto,id_categoria,codigo_producto,descripcion,unidad_medida,presentacion,precio_unitario,unidad_presentacion) values (15,4,'10002348','De la granja naranja','Mililitros',3400,20,'Unidad');
insert into producto(id_producto,id_categoria,codigo_producto,descripcion,unidad_medida,presentacion,precio_unitario,unidad_presentacion) values (16,4,'10002349','Rabinal de mandarina','Mililitros',1800,22,'Unidad');
insert into producto(id_producto,id_categoria,codigo_producto,descripcion,unidad_medida,presentacion,precio_unitario,unidad_presentacion) values (17,5,'10002350','Pan Europa Sandwich','Gramos',690,17,'Unidad');
insert into producto(id_producto,id_categoria,codigo_producto,descripcion,unidad_medida,presentacion,precio_unitario,unidad_presentacion) values (18,5,'10002351','Tortilla Trigo','Gramos',260,12,'Unidad');
insert into producto(id_producto,id_categoria,codigo_producto,descripcion,unidad_medida,presentacion,precio_unitario,unidad_presentacion) values (19,5,'10002352','Pan tostado','Gramos',210,20,'Unidad');
insert into producto(id_producto,id_categoria,codigo_producto,descripcion,unidad_medida,presentacion,precio_unitario,unidad_presentacion) values (20,5,'10002353','Champurradas','Gramos',454,15,'Unidad');


insert into factura(id_factura,id_cliente,id_vendedor,fecha,monto_total,serie,numero_factura) values (1,1,1,parsedatetime('02/01/2022','dd/MM/yyyy'),200,'FACE-10001',456567891);
insert into factura(id_factura,id_cliente,id_vendedor,fecha,monto_total,serie,numero_factura) values (2,4,1,parsedatetime('02/01/2022','dd/MM/yyyy'),300,'FACE-10002',456567892);
insert into factura(id_factura,id_cliente,id_vendedor,fecha,monto_total,serie,numero_factura) values (3,5,1,parsedatetime('02/01/2022','dd/MM/yyyy'),100,'FACE-10003',456567893);
insert into factura(id_factura,id_cliente,id_vendedor,fecha,monto_total,serie,numero_factura) values (4,4,1,parsedatetime('05/01/2022','dd/MM/yyyy'),48.25,'FACE-10004',456567894);
insert into factura(id_factura,id_cliente,id_vendedor,fecha,monto_total,serie,numero_factura) values (5,10,1,parsedatetime('05/01/2022','dd/MM/yyyy'),48.25,'FACE-10005',456567895);
insert into factura(id_factura,id_cliente,id_vendedor,fecha,monto_total,serie,numero_factura) values (6,14,2,parsedatetime('10/01/2022','dd/MM/yyyy'),60.75,'FACE-10006',456567896);
insert into factura(id_factura,id_cliente,id_vendedor,fecha,monto_total,serie,numero_factura) values (7,21,2,parsedatetime('15/01/2022','dd/MM/yyyy'),60.75,'FACE-10007',456567897);
insert into factura(id_factura,id_cliente,id_vendedor,fecha,monto_total,serie,numero_factura) values (8,24,2,parsedatetime('15/01/2022','dd/MM/yyyy'),150,'FACE-10008',456567898);
insert into factura(id_factura,id_cliente,id_vendedor,fecha,monto_total,serie,numero_factura) values (9,3,2,parsedatetime('28/01/2022','dd/MM/yyyy'),200,'FACE-10009',456567899);
insert into factura(id_factura,id_cliente,id_vendedor,fecha,monto_total,serie,numero_factura) values (10,25,3,parsedatetime('28/01/2022','dd/MM/yyyy'),300,'FACE-10010',456567900);
insert into factura(id_factura,id_cliente,id_vendedor,fecha,monto_total,serie,numero_factura) values (11,4,3,parsedatetime('28/01/2022','dd/MM/yyyy'),100,'FACE-10011',456567901);
insert into factura(id_factura,id_cliente,id_vendedor,fecha,monto_total,serie,numero_factura) values (12,5,3,parsedatetime('28/01/2022','dd/MM/yyyy'),48.25,'FACE-10012',456567902);
insert into factura(id_factura,id_cliente,id_vendedor,fecha,monto_total,serie,numero_factura) values (13,1,3,parsedatetime('05/02/2022','dd/MM/yyyy'),48.25,'FACE-10013',456567903);
insert into factura(id_factura,id_cliente,id_vendedor,fecha,monto_total,serie,numero_factura) values (14,6,4,parsedatetime('05/02/2022','dd/MM/yyyy'),60.75,'FACE-10014',456567904);
insert into factura(id_factura,id_cliente,id_vendedor,fecha,monto_total,serie,numero_factura) values (15,7,4,parsedatetime('05/02/2022','dd/MM/yyyy'),60.75,'FACE-10015',456567905);
insert into factura(id_factura,id_cliente,id_vendedor,fecha,monto_total,serie,numero_factura) values (16,8,4,parsedatetime('10/02/2022','dd/MM/yyyy'),150,'FACE-10016',456567906);
insert into factura(id_factura,id_cliente,id_vendedor,fecha,monto_total,serie,numero_factura) values (17,9,4,parsedatetime('10/02/2022','dd/MM/yyyy'),300,'FACE-10017',456567907);
insert into factura(id_factura,id_cliente,id_vendedor,fecha,monto_total,serie,numero_factura) values (18,10,4,parsedatetime('10/02/2022','dd/MM/yyyy'),100,'FACE-10018',456567908);
insert into factura(id_factura,id_cliente,id_vendedor,fecha,monto_total,serie,numero_factura) values (19,2,5,parsedatetime('11/02/2022','dd/MM/yyyy'),48.25,'FACE-10019',456567909);
insert into factura(id_factura,id_cliente,id_vendedor,fecha,monto_total,serie,numero_factura) values (20,1,5,parsedatetime('11/02/2022','dd/MM/yyyy'),48.25,'FACE-10020',456567910);

insert into detalle_factura(id_detalle_factura,id_factura,id_producto,id_categoria,no_fila,cantidad,precio_unitario) values (1,1,1,1,1,3,12);
insert into detalle_factura(id_detalle_factura,id_factura,id_producto,id_categoria,no_fila,cantidad,precio_unitario) values (2,1,2,1,2,4,14);
insert into detalle_factura(id_detalle_factura,id_factura,id_producto,id_categoria,no_fila,cantidad,precio_unitario) values (3,1,3,1,3,5,100);
insert into detalle_factura(id_detalle_factura,id_factura,id_producto,id_categoria,no_fila,cantidad,precio_unitario) values (4,2,4,1,1,5,12.1);
insert into detalle_factura(id_detalle_factura,id_factura,id_producto,id_categoria,no_fila,cantidad,precio_unitario) values (5,2,5,2,2,1,400);
insert into detalle_factura(id_detalle_factura,id_factura,id_producto,id_categoria,no_fila,cantidad,precio_unitario) values (6,2,6,2,3,4,30);
insert into detalle_factura(id_detalle_factura,id_factura,id_producto,id_categoria,no_fila,cantidad,precio_unitario) values (7,3,7,2,1,5,15);
insert into detalle_factura(id_detalle_factura,id_factura,id_producto,id_categoria,no_fila,cantidad,precio_unitario) values (8,3,8,2,2,5,5);
insert into detalle_factura(id_detalle_factura,id_factura,id_producto,id_categoria,no_fila,cantidad,precio_unitario) values (9,3,9,3,3,4,40);
insert into detalle_factura(id_detalle_factura,id_factura,id_producto,id_categoria,no_fila,cantidad,precio_unitario) values (10,4,10,3,1,5,50);
insert into detalle_factura(id_detalle_factura,id_factura,id_producto,id_categoria,no_fila,cantidad,precio_unitario) values (11,4,11,3,2,5,40);
insert into detalle_factura(id_detalle_factura,id_factura,id_producto,id_categoria,no_fila,cantidad,precio_unitario) values (12,4,12,3,3,3,25);
insert into detalle_factura(id_detalle_factura,id_factura,id_producto,id_categoria,no_fila,cantidad,precio_unitario) values (13,5,13,4,1,4,20);
insert into detalle_factura(id_detalle_factura,id_factura,id_producto,id_categoria,no_fila,cantidad,precio_unitario) values (14,5,14,4,2,5,10);
insert into detalle_factura(id_detalle_factura,id_factura,id_producto,id_categoria,no_fila,cantidad,precio_unitario) values (15,5,15,4,3,5,20);
insert into detalle_factura(id_detalle_factura,id_factura,id_producto,id_categoria,no_fila,cantidad,precio_unitario) values (16,6,16,4,1,1,22);
insert into detalle_factura(id_detalle_factura,id_factura,id_producto,id_categoria,no_fila,cantidad,precio_unitario) values (17,6,17,5,2,4,17);
insert into detalle_factura(id_detalle_factura,id_factura,id_producto,id_categoria,no_fila,cantidad,precio_unitario) values (18,6,18,5,3,5,12);
insert into detalle_factura(id_detalle_factura,id_factura,id_producto,id_categoria,no_fila,cantidad,precio_unitario) values (19,6,19,5,4,5,20);
insert into detalle_factura(id_detalle_factura,id_factura,id_producto,id_categoria,no_fila,cantidad,precio_unitario) values (20,7,20,5,1,4,15);
insert into detalle_factura(id_detalle_factura,id_factura,id_producto,id_categoria,no_fila,cantidad,precio_unitario) values (21,7,1,1,2,5,12);
insert into detalle_factura(id_detalle_factura,id_factura,id_producto,id_categoria,no_fila,cantidad,precio_unitario) values (22,8,2,1,1,5,14);
insert into detalle_factura(id_detalle_factura,id_factura,id_producto,id_categoria,no_fila,cantidad,precio_unitario) values (23,9,3,1,1,1,100);
insert into detalle_factura(id_detalle_factura,id_factura,id_producto,id_categoria,no_fila,cantidad,precio_unitario) values (24,9,4,1,2,7,12.1);
insert into detalle_factura(id_detalle_factura,id_factura,id_producto,id_categoria,no_fila,cantidad,precio_unitario) values (25,10,5,2,1,1,400);
insert into detalle_factura(id_detalle_factura,id_factura,id_producto,id_categoria,no_fila,cantidad,precio_unitario) values (26,10,6,2,2,9,30);
insert into detalle_factura(id_detalle_factura,id_factura,id_producto,id_categoria,no_fila,cantidad,precio_unitario) values (27,11,1,1,1,3,12);
insert into detalle_factura(id_detalle_factura,id_factura,id_producto,id_categoria,no_fila,cantidad,precio_unitario) values (28,11,2,1,2,4,14);
insert into detalle_factura(id_detalle_factura,id_factura,id_producto,id_categoria,no_fila,cantidad,precio_unitario) values (29,11,3,1,3,5,100);
insert into detalle_factura(id_detalle_factura,id_factura,id_producto,id_categoria,no_fila,cantidad,precio_unitario) values (30,12,4,1,1,5,12.1);
insert into detalle_factura(id_detalle_factura,id_factura,id_producto,id_categoria,no_fila,cantidad,precio_unitario) values (31,12,5,2,2,1,400);
insert into detalle_factura(id_detalle_factura,id_factura,id_producto,id_categoria,no_fila,cantidad,precio_unitario) values (32,12,6,2,3,4,30);
insert into detalle_factura(id_detalle_factura,id_factura,id_producto,id_categoria,no_fila,cantidad,precio_unitario) values (33,13,7,2,1,5,15);
insert into detalle_factura(id_detalle_factura,id_factura,id_producto,id_categoria,no_fila,cantidad,precio_unitario) values (34,13,8,2,2,5,5);
insert into detalle_factura(id_detalle_factura,id_factura,id_producto,id_categoria,no_fila,cantidad,precio_unitario) values (35,13,9,3,3,4,40);
insert into detalle_factura(id_detalle_factura,id_factura,id_producto,id_categoria,no_fila,cantidad,precio_unitario) values (36,14,10,3,1,5,50);
insert into detalle_factura(id_detalle_factura,id_factura,id_producto,id_categoria,no_fila,cantidad,precio_unitario) values (37,14,11,3,2,5,40);
insert into detalle_factura(id_detalle_factura,id_factura,id_producto,id_categoria,no_fila,cantidad,precio_unitario) values (38,14,12,3,3,3,25);
insert into detalle_factura(id_detalle_factura,id_factura,id_producto,id_categoria,no_fila,cantidad,precio_unitario) values (39,15,13,4,1,4,20);
insert into detalle_factura(id_detalle_factura,id_factura,id_producto,id_categoria,no_fila,cantidad,precio_unitario) values (40,15,14,4,2,5,10);
insert into detalle_factura(id_detalle_factura,id_factura,id_producto,id_categoria,no_fila,cantidad,precio_unitario) values (41,15,15,4,3,5,20);
insert into detalle_factura(id_detalle_factura,id_factura,id_producto,id_categoria,no_fila,cantidad,precio_unitario) values (42,16,16,4,1,1,22);
insert into detalle_factura(id_detalle_factura,id_factura,id_producto,id_categoria,no_fila,cantidad,precio_unitario) values (43,16,17,5,2,4,17);
insert into detalle_factura(id_detalle_factura,id_factura,id_producto,id_categoria,no_fila,cantidad,precio_unitario) values (44,16,18,5,3,5,12);
insert into detalle_factura(id_detalle_factura,id_factura,id_producto,id_categoria,no_fila,cantidad,precio_unitario) values (45,16,19,5,4,5,20);
insert into detalle_factura(id_detalle_factura,id_factura,id_producto,id_categoria,no_fila,cantidad,precio_unitario) values (46,17,20,5,1,4,15);
insert into detalle_factura(id_detalle_factura,id_factura,id_producto,id_categoria,no_fila,cantidad,precio_unitario) values (47,17,1,1,2,5,12);
insert into detalle_factura(id_detalle_factura,id_factura,id_producto,id_categoria,no_fila,cantidad,precio_unitario) values (48,18,2,1,1,5,14);
insert into detalle_factura(id_detalle_factura,id_factura,id_producto,id_categoria,no_fila,cantidad,precio_unitario) values (49,19,3,1,1,1,100);
insert into detalle_factura(id_detalle_factura,id_factura,id_producto,id_categoria,no_fila,cantidad,precio_unitario) values (50,19,4,1,2,7,12.1);
insert into detalle_factura(id_detalle_factura,id_factura,id_producto,id_categoria,no_fila,cantidad,precio_unitario) values (51,20,5,2,1,1,400);
insert into detalle_factura(id_detalle_factura,id_factura,id_producto,id_categoria,no_fila,cantidad,precio_unitario) values (52,20,6,2,2,9,30);
